task_id,task_name,status,assignee,priority,sprint,due_date,labels,description
T001,Define project scope and objectives,Done,Arjun Mehta,High,Sprint 1,2026-04-07,Planning,"Document project scope, goals, and success criteria for AI adoption"
T002,Form cross-functional task force,Done,Sarah Lin,High,Sprint 1,2026-04-07,Planning,"Identify and onboard team members from data science, IT, and business units"
T003,Initial stakeholder alignment meeting,Done,Arjun Mehta,High,Sprint 1,2026-04-10,Planning,"Present project charter and get sign-off from leadership"
T004,Audit existing data infrastructure,Done,Priya Nair,High,Sprint 2,2026-04-18,Analysis,"Assess current databases, data pipelines, and data quality"
T005,Map current logistics workflows,Done,James Wong,Medium,Sprint 2,2026-04-18,Analysis,"Document end-to-end processes for demand forecasting, routing, and inventory"
T006,Identify data gaps and quality issues,In Progress,Priya Nair,High,Sprint 2,2026-04-21,Analysis,"Gap analysis report comparing available data vs requirements for AI models"
T007,Shortlist AI use cases,In Progress,Arjun Mehta,High,Sprint 3,2026-04-28,Use Cases,"Evaluate and prioritize: demand forecasting, route optimization, inventory mgmt, customer support"
T008,Define success criteria for each use case,To Do,Sarah Lin,High,Sprint 3,2026-05-02,Use Cases,"Set measurable KPIs: 15% reduction in delivery delays, 10% cost reduction"
T009,Vendor evaluation for ML platform,To Do,James Wong,Medium,Sprint 3,2026-05-05,Use Cases,"Compare cloud ML platforms (AWS SageMaker, Azure ML, GCP Vertex AI)"
T010,Collect historical demand data,To Do,Priya Nair,High,Sprint 4,2026-05-12,Data Prep,"Extract 2 years of demand data from ERP system"
T011,Data cleaning and preprocessing pipeline,To Do,Priya Nair,High,Sprint 4,2026-05-19,Data Prep,"Build automated pipeline for data cleaning, normalization, feature engineering"
T012,Design demand forecasting model,To Do,Ravi Kumar,High,Sprint 4,2026-05-19,Model Dev,"Select algorithm (LSTM, Prophet, XGBoost), define input features"
T013,Design route optimization model,To Do,Ravi Kumar,Medium,Sprint 5,2026-05-26,Model Dev,"Graph-based optimization with constraints (time windows, vehicle capacity)"
T014,Build model training pipeline,To Do,Ravi Kumar,High,Sprint 5,2026-06-02,Model Dev,"Automated training, validation, and model versioning"
T015,Deploy demand model to test environment,To Do,James Wong,High,Sprint 6,2026-06-09,Pilot,"Deploy to staging, set up monitoring, define test scenarios"
T016,Run pilot with logistics team,To Do,Arjun Mehta,High,Sprint 6,2026-06-16,Pilot,"2-week pilot with 3 logistics coordinators using demand forecasting predictions"
T017,Collect pilot feedback and metrics,To Do,Sarah Lin,High,Sprint 7,2026-06-23,Evaluation,"Survey users, measure prediction accuracy, compare with manual forecasts"
T018,Iterate on model based on feedback,To Do,Ravi Kumar,Medium,Sprint 7,2026-06-30,Evaluation,"Adjust features, retrain model, validate improvements"
T019,Prepare production deployment plan,To Do,James Wong,High,Sprint 8,2026-07-07,Deployment,"Infrastructure scaling, rollback plan, monitoring setup"
T020,Staff training program,To Do,Sarah Lin,Medium,Sprint 8,2026-07-14,Deployment,"Train 25 logistics staff on using AI-powered forecasting dashboard"
T021,Full production rollout,To Do,Arjun Mehta,High,Sprint 9,2026-07-21,Deployment,"Go-live for demand forecasting across all 3 distribution centers"
T022,Set up continuous monitoring,To Do,Priya Nair,High,Sprint 9,2026-07-28,Monitoring,"Model performance dashboards, drift detection alerts, retraining triggers"
T023,Project closure report,To Do,Arjun Mehta,Medium,Sprint 10,2026-08-04,Monitoring,"Final report: outcomes vs targets, lessons learned, recommendations for Phase 2"
T024,Security review of AI infrastructure,Blocked,James Wong,High,Sprint 5,2026-05-26,Security,"Penetration testing and vulnerability assessment - BLOCKED: waiting for security team availability"
T025,Legal review of data usage,In Progress,Sarah Lin,High,Sprint 3,2026-04-28,Compliance,"Review data privacy compliance for using customer delivery data in ML models"
